{
  "IcoMoonType": "selection",
  "icons": [
    {
      "icon": {
        "paths": [
          "M512 0c-282.837 0-512 229.248-512 512 0 282.837 229.163 512 512 512 282.709 0 512-229.163 512-512 0-282.752-229.291-512-512-512zM818.219 299.861l0.725 0.128-285.739 285.781c-4.654 4.415-10.958 7.13-17.896 7.13-6.982 0-13.321-2.749-17.996-7.224l0.010 0.009-285.867-285.824h606.763zM191.531 319.019c0-0.213 0.128-0.341 0.128-0.341l194.176 194.091-194.304 194.304v-388.053zM210.645 729.515c-0.853 0-1.664-0.427-2.517-0.555l196.949-196.907 72.917 72.917c9.856 9.941 23.168 15.36 37.291 15.36 13.995 0 27.307-5.419 37.163-15.36l70.528-70.571 195.072 195.115h-607.403zM837.376 710.229l-195.072-195.072 195.072-195.072v390.144z"
        ],
        "attrs": [
          {
            "fill": "rgb(255, 255, 255)"
          }
        ],
        "isMulticolor": false,
        "isMulticolor2": false,
        "grid": 0,
        "tags": [
          "mail"
        ]
      },
      "attrs": [
        {
          "fill": "rgb(255, 255, 255)"
        }
      ],
      "properties": {
        "order": 62,
        "id": 1,
        "name": "mail",
        "prevSize": 32
      },
      "setIdx": 0,
      "setId": 10,
      "iconIdx": 0
    },
    {
      "icon": {
        "paths": [
          "M512 0c-282.752 0-512 229.248-512 512s229.248 512 512 512 512-229.248 512-512-229.248-512-512-512zM649.685 775.851c-67.84-4.181-201.259-82.091-263.424-152.064-61.995-70.016-123.563-211.755-119.509-279.723 0 0 73.899-97.749 107.819-95.787 34.176 2.048 129.835 109.909 93.653 141.995-35.84 31.872-69.845 29.909-71.851 63.744-1.92 33.92 29.909 70.016 61.653 105.941 32.085 36.096 63.915 71.893 97.92 73.813 33.92 2.133 36.011-31.701 71.851-63.787 36.011-31.915 131.84 76.117 129.749 110.037-1.877 33.792-107.861 95.829-107.861 95.829z"
        ],
        "attrs": [
          {
            "fill": "rgb(255, 255, 255)",
            "opacity": 0.8
          }
        ],
        "isMulticolor": false,
        "isMulticolor2": false,
        "grid": 0,
        "tags": [
          "phone"
        ]
      },
      "attrs": [
        {
          "fill": "rgb(255, 255, 255)",
          "opacity": 0.8
        }
      ],
      "properties": {
        "order": 63,
        "id": 0,
        "name": "phone",
        "prevSize": 32
      },
      "setIdx": 0,
      "setId": 10,
      "iconIdx": 1
    }
  ],
  "height": 1024,
  "preferences": {
    "showGlyphs": true,
    "showQuickUse": true,
    "showQuickUse2": true,
    "showSVGs": true,
    "fontPref": {
      "prefix": "icon-",
      "metadata": {
        "fontFamily": "icomoon"
      },
      "metrics": {
        "emSize": 1024,
        "baseline": 6.25,
        "whitespace": 50
      },
      "embed": false
    },
    "imagePref": {
      "prefix": "icon-",
      "png": true,
      "useClassSelector": true,
      "color": 0,
      "bgColor": 16777215,
      "classSelector": ".icon",
      "name": "icomoon"
    },
    "historySize": 50,
    "showCodes": true,
    "gridSize": 16
  }
}